{"cameraMode":{"drawMode":0,"name":"Shaded","section":"Shading Mode"},"sceneLighting":false,"audioPlay":false,"sceneViewState":{"showFog":true,"showMaterialUpdate":false,"showSkybox":false,"showFlares":true,"showImageEffects":true,"showParticleSystems":true},"in2DMode":false,"pivot":{"x":2.450000047683716,"y":0.0,"z":3.2799999713897707},"rotation":{"x":0.6778050065040588,"y":-0.012129542417824269,"z":0.011184795759618283,"w":0.7350570559501648},"size":0.6102012991905212,"orthographic":true}